year_-_month,product_type,unpackaged_production_units,unpackaged_inventory_units,packaged_production_units,packaged_inventory_units_-_federal_licence_holders,packaged_inventory_units_-_provincial_distributors_and_retailers,sales_units_-_medical,sales_units_-_non-medical,unpackaged_production_kilograms,unpackaged_inventory_kilograms,packaged_production_kilograms,packaged_inventory_kilograms_-_federal_licence_holders,packaged_inventory_kilograms_-_provincial_distributors_and_retailers,sales_kilograms_-_medical,sales_kilograms_-_non-medical
2018-10 ,dried cannabis / cannabis séché,n/a / n/d,n/a / n/d,n/a / n/d,n/a / n/d,n/a / n/d,n/a / n/d,n/a / n/d,41677,96822,13830,12310,6171,1941,4405
2018-11 ,dried cannabis / cannabis séché,n/a / n/d,n/a / n/d,n/a / n/d,n/a / n/d,n/a / n/d,n/a / n/d,n/a / n/d,34893,99007,11117,10410,8314,1795,5490
2018-12 ,dried cannabis / cannabis séché,n/a / n/d,n/a / n/d,n/a / n/d,n/a / n/d,n/a / n/d,n/a / n/d,n/a / n/d,31791,111693,9597,8789,10151,1816,5784
2019-01 ,dried cannabis / cannabis séché,n/a / n/d,n/a / n/d,n/a / n/d,n/a / n/d,n/a / n/d,n/a / n/d,n/a / n/d,43419,117486,9703,10303,10016,1779,5528
2019-02 ,dried cannabis / cannabis séché,n/a / n/d,n/a / n/d,n/a / n/d,n/a / n/d,n/a / n/d,n/a / n/d,n/a / n/d,37849,120784,11575,11484,11670,1698,4985
2019-03 ,dried cannabis / cannabis séché,n/a / n/d,n/a / n/d,n/a / n/d,n/a / n/d,n/a / n/d,n/a / n/d,n/a / n/d,48580,141536,13981,13033,17713,1698,5928
2019-04 ,dried cannabis / cannabis séché,n/a / n/d,n/a / n/d,n/a / n/d,n/a / n/d,n/a / n/d,n/a / n/d,n/a / n/d,70198,182998,13331,13408,17870,2129,6735
2019-05 ,dried cannabis / cannabis séché,n/a / n/d,n/a / n/d,n/a / n/d,n/a / n/d,n/a / n/d,n/a / n/d,n/a / n/d,80250,222551,19345,17605,22315,1697,7818
2019-06 ,dried cannabis / cannabis séché,n/a / n/d,n/a / n/d,n/a / n/d,n/a / n/d,n/a / n/d,n/a / n/d,n/a / n/d,83483,243754,20100,18655,30363,1535,8480
2019-07 ,dried cannabis / cannabis séché,n/a / n/d,n/a / n/d,n/a / n/d,n/a / n/d,n/a / n/d,n/a / n/d,n/a / n/d,91331,292292,20378,27681,29826,1640,10054
2019-08 ,dried cannabis / cannabis séché,n/a / n/d,n/a / n/d,n/a / n/d,n/a / n/d,n/a / n/d,n/a / n/d,n/a / n/d,93033,328186,18571,31702,29381,1210,11762
2019-09 ,dried cannabis / cannabis séché,n/a / n/d,n/a / n/d,n/a / n/d,n/a / n/d,n/a / n/d,n/a / n/d,n/a / n/d,94014,316515,19003,33518,30633,1215,11707
2019-10 ,dried cannabis / cannabis séché,n/a / n/d,n/a / n/d,6661673,10887928,11973079,190348,5204955,144955,385922,n/a / n/d,37949,30637,n/a / n/d,n/a / n/d
2019-11 ,dried cannabis / cannabis séché,n/a / n/d,n/a / n/d,7073490,11696239,11784498,195674,5327990,121273,413227,n/a / n/d,35771,30045,n/a / n/d,n/a / n/d
2019-12 ,dried cannabis / cannabis séché,n/a / n/d,n/a / n/d,6196582,10777371,11875242,201151,5736725,100237,473414,n/a / n/d,32606,30147,n/a / n/d,n/a / n/d
2020-01 ,dried cannabis / cannabis séché,n/a / n/d,n/a / n/d,8144584,13952588,11195359,199634,5513535,88746,491276,n/a / n/d,36370,28361,n/a / n/d,n/a / n/d
2020-02 ,dried cannabis / cannabis séché,n/a / n/d,n/a / n/d,7635589,14802076,11769070,180700,5229083,104880,524041,n/a / n/d,36487,30235,n/a / n/d,n/a / n/d
2020-03 ,dried cannabis / cannabis séché,n/a / n/d,n/a / n/d,8964731,16093436,13714839,244366,5729118,103429,563985,n/a / n/d,39887,36026,n/a / n/d,n/a / n/d
2020-04 ,dried cannabis / cannabis séché,n/a / n/d,n/a / n/d,7792866,15529655,14370269,233752,5199858,96475,620144,n/a / n/d,46413,38601,n/a / n/d,n/a / n/d
2020-05 ,dried cannabis / cannabis séché,n/a / n/d,n/a / n/d,5403681,14348026,13206710,212665,5368421,117121,669787,n/a / n/d,44695,36686,n/a / n/d,n/a / n/d
2020-06 ,dried cannabis / cannabis séché,n/a / n/d,n/a / n/d,5839035,15134838,12177789,240406,5895382,125951,720425,n/a / n/d,48259,34323,n/a / n/d,n/a / n/d
2020-07 ,dried cannabis / cannabis séché,n/a / n/d,n/a / n/d,6524892,15642555,11294603,217694,6567647,110763,753886,n/a / n/d,55035,39141,n/a / n/d,n/a / n/d
2020-08 ,dried cannabis / cannabis séché,n/a / n/d,n/a / n/d,7917450,15855577,10866894,216366,6752938,112025,782698,n/a / n/d,57066,43174,n/a / n/d,n/a / n/d
2020-09 ,dried cannabis / cannabis séché,n/a / n/d,n/a / n/d,7752052,15122370,11249392,206946,6810721,132718,816913,n/a / n/d,54244,46164,n/a / n/d,n/a / n/d
2020-10 ,dried cannabis / cannabis séché,n/a / n/d,n/a / n/d,10860877,16565102,11105817,214849,6775519,220461,961070,n/a / n/d,58743,46689,n/a / n/d,n/a / n/d
2020-11 ,dried cannabis / cannabis séché,n/a / n/d,n/a / n/d,9346386,15974519,12559424,197769,6025865,165189,1038470,n/a / n/d,77068,50187,n/a / n/d,n/a / n/d
2020-12 ,dried cannabis / cannabis séché,n/a / n/d,n/a / n/d,9007467,15181489,14292791,207697,6925810,96009,1029923,n/a / n/d,53788,57381,n/a / n/d,n/a / n/d
2021-01 ,dried cannabis / cannabis séché,n/a / n/d,n/a / n/d,9352954,17417141,13601383,220256,6912986,93400,973491,n/a / n/d,60580,51127,n/a / n/d,n/a / n/d
2021-02 ,dried cannabis / cannabis séché,n/a / n/d,n/a / n/d,8129802,18136610,14535304,194132,6205926,91272,968289,n/a / n/d,62662,55354,n/a / n/d,n/a / n/d
2021-03 ,dried cannabis / cannabis séché,n/a / n/d,n/a / n/d,11315971,19977373,14644497,245095,7287704,112238,956655,n/a / n/d,72963,58945,n/a / n/d,n/a / n/d
2021-04 ,dried cannabis / cannabis séché,n/a / n/d,n/a / n/d,10309790,20986039,14670506,223364,7406134,122757,984600,n/a / n/d,75744,60763,n/a / n/d,n/a / n/d
2021-05 ,dried cannabis / cannabis séché,n/a / n/d,n/a / n/d,9884888,20794506,15014953,220673,7519246,126577,997257,n/a / n/d,110514,66021,n/a / n/d,n/a / n/d
2021-06 ,dried cannabis / cannabis séché,n/a / n/d,n/a / n/d,10767389,20721799,16097480,215237,7896172,133690,985001,n/a / n/d,89853,71545,n/a / n/d,n/a / n/d
2021-07 ,dried cannabis / cannabis séché,n/a / n/d,n/a / n/d,9883187,21368801,15459185,223156,8554331,121102,1003897,n/a / n/d,86442,68793,n/a / n/d,n/a / n/d
2021-08 ,dried cannabis / cannabis séché,n/a / n/d,n/a / n/d,9489589,18306943,14859959,240393,9173688,120634,993355,n/a / n/d,78667,67753,n/a / n/d,n/a / n/d
2021-09 ,dried cannabis / cannabis séché,n/a / n/d,n/a / n/d,10174711,18835735,14548893,225371,9134736,153751,1025730,n/a / n/d,79289,66410,n/a / n/d,n/a / n/d
2021-10 ,dried cannabis / cannabis séché,n/a / n/d,n/a / n/d,10429257,19206534,15016864,226488,9266900,238300,1120395,n/a / n/d,80790,66958,n/a / n/d,n/a / n/d
2021-11 ,dried cannabis / cannabis séché,n/a / n/d,n/a / n/d,12006600,20308459,15748969,246202,8536114,169408,1264748,n/a / n/d,86117,67259,n/a / n/d,n/a / n/d
2021-12 ,dried cannabis / cannabis séché,n/a / n/d,n/a / n/d,9984447,19254391,16980798,233619,9457655,133154,1164507,n/a / n/d,74874,69714,n/a / n/d,n/a / n/d
2022-01 ,dried cannabis / cannabis séché,n/a / n/d,n/a / n/d,9174904,19368969,16290946,261641,8717718,135890,1181605,n/a / n/d,76487,66744,n/a / n/d,n/a / n/d
2022-02 ,dried cannabis / cannabis séché,n/a / n/d,n/a / n/d,9379104,20055085,15954112,213900,7975499,146451,1174543,n/a / n/d,80463,63387,n/a / n/d,n/a / n/d
2022-03 ,dried cannabis / cannabis séché,n/a / n/d,n/a / n/d,9726496,20035342,15966018,263138,8990972,164255,1143186,n/a / n/d,83391,66803,n/a / n/d,n/a / n/d
2019-10 ,vegetative cannabis plants / plantes de cannabis végétatives,2576671,2835956,178,6,17,78,24,n/a / n/d,n/a / n/d,n/a / n/d,n/a / n/d,n/a / n/d,n/a / n/d,n/a / n/d
2019-11 ,vegetative cannabis plants / plantes de cannabis végétatives,2353129,2986388,32,6,0,27,5,n/a / n/d,n/a / n/d,n/a / n/d,n/a / n/d,n/a / n/d,n/a / n/d,n/a / n/d
2019-12 ,vegetative cannabis plants / plantes de cannabis végétatives,2542479,3183834,14,6,0,14,2,n/a / n/d,n/a / n/d,n/a / n/d,n/a / n/d,n/a / n/d,n/a / n/d,n/a / n/d
2020-01 ,vegetative cannabis plants / plantes de cannabis végétatives,2747881,3312373,0,6,0,0,2,n/a / n/d,n/a / n/d,n/a / n/d,n/a / n/d,n/a / n/d,n/a / n/d,n/a / n/d
2020-02 ,vegetative cannabis plants / plantes de cannabis végétatives,2318173,3261563,4626,6,0,10,0,n/a / n/d,n/a / n/d,n/a / n/d,n/a / n/d,n/a / n/d,n/a / n/d,n/a / n/d
2020-03 ,vegetative cannabis plants / plantes de cannabis végétatives,2706760,2927958,6246,6,0,6,0,n/a / n/d,n/a / n/d,n/a / n/d,n/a / n/d,n/a / n/d,n/a / n/d,n/a / n/d
2020-04 ,vegetative cannabis plants / plantes de cannabis végétatives,2753562,2976254,5233,6,0,4,0,n/a / n/d,n/a / n/d,n/a / n/d,n/a / n/d,n/a / n/d,n/a / n/d,n/a / n/d
2020-05 ,vegetative cannabis plants / plantes de cannabis végétatives,3070596,3380923,9,6,0,5,40,n/a / n/d,n/a / n/d,n/a / n/d,n/a / n/d,n/a / n/d,n/a / n/d,n/a / n/d
2020-06 ,vegetative cannabis plants / plantes de cannabis végétatives,3194625,3724514,124,6,0,977,24,n/a / n/d,n/a / n/d,n/a / n/d,n/a / n/d,n/a / n/d,n/a / n/d,n/a / n/d
2020-07 ,vegetative cannabis plants / plantes de cannabis végétatives,2867413,3301036,1030,6,0,1134,24,n/a / n/d,n/a / n/d,n/a / n/d,n/a / n/d,n/a / n/d,n/a / n/d,n/a / n/d
2020-08 ,vegetative cannabis plants / plantes de cannabis végétatives,2288027,2796804,506,6,0,1134,10,n/a / n/d,n/a / n/d,n/a / n/d,n/a / n/d,n/a / n/d,n/a / n/d,n/a / n/d
2020-09 ,vegetative cannabis plants / plantes de cannabis végétatives,2574056,2716252,337,6,0,677,3,n/a / n/d,n/a / n/d,n/a / n/d,n/a / n/d,n/a / n/d,n/a / n/d,n/a / n/d
2020-10 ,vegetative cannabis plants / plantes de cannabis végétatives,2336037,2515660,360,71,2,220,10,n/a / n/d,n/a / n/d,n/a / n/d,n/a / n/d,n/a / n/d,n/a / n/d,n/a / n/d
2020-11 ,vegetative cannabis plants / plantes de cannabis végétatives,1965223,2268810,30,71,0,846,2,n/a / n/d,n/a / n/d,n/a / n/d,n/a / n/d,n/a / n/d,n/a / n/d,n/a / n/d
2020-12 ,vegetative cannabis plants / plantes de cannabis végétatives,2366696,2442941,214,71,3,1734,6,n/a / n/d,n/a / n/d,n/a / n/d,n/a / n/d,n/a / n/d,n/a / n/d,n/a / n/d
2021-01 ,vegetative cannabis plants / plantes de cannabis végétatives,2211123,2481765,9,6,3,1,3,n/a / n/d,n/a / n/d,n/a / n/d,n/a / n/d,n/a / n/d,n/a / n/d,n/a / n/d
2021-02 ,vegetative cannabis plants / plantes de cannabis végétatives,2319803,2626535,75,6,0,1036,0,n/a / n/d,n/a / n/d,n/a / n/d,n/a / n/d,n/a / n/d,n/a / n/d,n/a / n/d
2021-03 ,vegetative cannabis plants / plantes de cannabis végétatives,2566764,2615864,148,6,0,569,0,n/a / n/d,n/a / n/d,n/a / n/d,n/a / n/d,n/a / n/d,n/a / n/d,n/a / n/d
2021-04 ,vegetative cannabis plants / plantes de cannabis végétatives,2584721,2882420,378,242,0,1127,3,n/a / n/d,n/a / n/d,n/a / n/d,n/a / n/d,n/a / n/d,n/a / n/d,n/a / n/d
2021-05 ,vegetative cannabis plants / plantes de cannabis végétatives,2953240,3311435,571,6,0,744,16,n/a / n/d,n/a / n/d,n/a / n/d,n/a / n/d,n/a / n/d,n/a / n/d,n/a / n/d
2021-06 ,vegetative cannabis plants / plantes de cannabis végétatives,3480780,3991396,325,6,0,805,31,n/a / n/d,n/a / n/d,n/a / n/d,n/a / n/d,n/a / n/d,n/a / n/d,n/a / n/d
2021-07 ,vegetative cannabis plants / plantes de cannabis végétatives,2809211,3433820,32,6,0,470,2,n/a / n/d,n/a / n/d,n/a / n/d,n/a / n/d,n/a / n/d,n/a / n/d,n/a / n/d
2021-08 ,vegetative cannabis plants / plantes de cannabis végétatives,2527133,2947711,173,6,0,7,0,n/a / n/d,n/a / n/d,n/a / n/d,n/a / n/d,n/a / n/d,n/a / n/d,n/a / n/d
2021-09 ,vegetative cannabis plants / plantes de cannabis végétatives,2535927,2639983,53,6,0,512,2,n/a / n/d,n/a / n/d,n/a / n/d,n/a / n/d,n/a / n/d,n/a / n/d,n/a / n/d
2021-10 ,vegetative cannabis plants / plantes de cannabis végétatives,2422372,2650396,21,6,0,651,0,n/a / n/d,n/a / n/d,n/a / n/d,n/a / n/d,n/a / n/d,n/a / n/d,n/a / n/d
2021-11 ,vegetative cannabis plants / plantes de cannabis végétatives,2683017,2845832,83,6,0,1031,0,n/a / n/d,n/a / n/d,n/a / n/d,n/a / n/d,n/a / n/d,n/a / n/d,n/a / n/d
2021-12 ,vegetative cannabis plants / plantes de cannabis végétatives,2527553,2739886,216,156,0,599,0,n/a / n/d,n/a / n/d,n/a / n/d,n/a / n/d,n/a / n/d,n/a / n/d,n/a / n/d
2022-01 ,vegetative cannabis plants / plantes de cannabis végétatives,2296174,2820382,28,150,0,61,0,n/a / n/d,n/a / n/d,n/a / n/d,n/a / n/d,n/a / n/d,n/a / n/d,n/a / n/d
2022-02 ,vegetative cannabis plants / plantes de cannabis végétatives,2422900,3085459,244,0,0,384,0,n/a / n/d,n/a / n/d,n/a / n/d,n/a / n/d,n/a / n/d,n/a / n/d,n/a / n/d
2022-03 ,vegetative cannabis plants / plantes de cannabis végétatives,2595971,3091661,57,0,0,2336,0,n/a / n/d,n/a / n/d,n/a / n/d,n/a / n/d,n/a / n/d,n/a / n/d,n/a / n/d
2019-10 ,whole cannabis plants / plantes de cannabis entières,1419889,2532483,n/a / n/d,n/a / n/d,n/a / n/d,n/a / n/d,n/a / n/d,n/a / n/d,n/a / n/d,n/a / n/d,n/a / n/d,n/a / n/d,n/a / n/d,n/a / n/d
2019-11 ,whole cannabis plants / plantes de cannabis entières,1274336,2371870,n/a / n/d,n/a / n/d,n/a / n/d,n/a / n/d,n/a / n/d,n/a / n/d,n/a / n/d,n/a / n/d,n/a / n/d,n/a / n/d,n/a / n/d,n/a / n/d
2019-12 ,whole cannabis plants / plantes de cannabis entières,1470283,2568565,n/a / n/d,n/a / n/d,n/a / n/d,n/a / n/d,n/a / n/d,n/a / n/d,n/a / n/d,n/a / n/d,n/a / n/d,n/a / n/d,n/a / n/d,n/a / n/d
2020-01 ,whole cannabis plants / plantes de cannabis entières,1481252,2575352,n/a / n/d,n/a / n/d,n/a / n/d,n/a / n/d,n/a / n/d,n/a / n/d,n/a / n/d,n/a / n/d,n/a / n/d,n/a / n/d,n/a / n/d,n/a / n/d
2020-02 ,whole cannabis plants / plantes de cannabis entières,1434562,2726490,n/a / n/d,n/a / n/d,n/a / n/d,n/a / n/d,n/a / n/d,n/a / n/d,n/a / n/d,n/a / n/d,n/a / n/d,n/a / n/d,n/a / n/d,n/a / n/d
2020-03 ,whole cannabis plants / plantes de cannabis entières,1712330,2967146,n/a / n/d,n/a / n/d,n/a / n/d,n/a / n/d,n/a / n/d,n/a / n/d,n/a / n/d,n/a / n/d,n/a / n/d,n/a / n/d,n/a / n/d,n/a / n/d
2020-04 ,whole cannabis plants / plantes de cannabis entières,1749090,3224931,n/a / n/d,n/a / n/d,n/a / n/d,n/a / n/d,n/a / n/d,n/a / n/d,n/a / n/d,n/a / n/d,n/a / n/d,n/a / n/d,n/a / n/d,n/a / n/d
2020-05 ,whole cannabis plants / plantes de cannabis entières,1647312,3137131,n/a / n/d,n/a / n/d,n/a / n/d,n/a / n/d,n/a / n/d,n/a / n/d,n/a / n/d,n/a / n/d,n/a / n/d,n/a / n/d,n/a / n/d,n/a / n/d
2020-06 ,whole cannabis plants / plantes de cannabis entières,1770954,3034803,n/a / n/d,n/a / n/d,n/a / n/d,n/a / n/d,n/a / n/d,n/a / n/d,n/a / n/d,n/a / n/d,n/a / n/d,n/a / n/d,n/a / n/d,n/a / n/d
2020-07 ,whole cannabis plants / plantes de cannabis entières,1955526,3179929,n/a / n/d,n/a / n/d,n/a / n/d,n/a / n/d,n/a / n/d,n/a / n/d,n/a / n/d,n/a / n/d,n/a / n/d,n/a / n/d,n/a / n/d,n/a / n/d
2020-08 ,whole cannabis plants / plantes de cannabis entières,1719068,3555001,n/a / n/d,n/a / n/d,n/a / n/d,n/a / n/d,n/a / n/d,n/a / n/d,n/a / n/d,n/a / n/d,n/a / n/d,n/a / n/d,n/a / n/d,n/a / n/d
2020-09 ,whole cannabis plants / plantes de cannabis entières,1587402,2977751,n/a / n/d,n/a / n/d,n/a / n/d,n/a / n/d,n/a / n/d,n/a / n/d,n/a / n/d,n/a / n/d,n/a / n/d,n/a / n/d,n/a / n/d,n/a / n/d
2020-10 ,whole cannabis plants / plantes de cannabis entières,1693769,3117193,n/a / n/d,n/a / n/d,n/a / n/d,n/a / n/d,n/a / n/d,n/a / n/d,n/a / n/d,n/a / n/d,n/a / n/d,n/a / n/d,n/a / n/d,n/a / n/d
2020-11 ,whole cannabis plants / plantes de cannabis entières,1171934,2780018,n/a / n/d,n/a / n/d,n/a / n/d,n/a / n/d,n/a / n/d,n/a / n/d,n/a / n/d,n/a / n/d,n/a / n/d,n/a / n/d,n/a / n/d,n/a / n/d
2020-12 ,whole cannabis plants / plantes de cannabis entières,1252196,2730170,n/a / n/d,n/a / n/d,n/a / n/d,n/a / n/d,n/a / n/d,n/a / n/d,n/a / n/d,n/a / n/d,n/a / n/d,n/a / n/d,n/a / n/d,n/a / n/d
2021-01 ,whole cannabis plants / plantes de cannabis entières,1582537,2779054,n/a / n/d,n/a / n/d,n/a / n/d,n/a / n/d,n/a / n/d,n/a / n/d,n/a / n/d,n/a / n/d,n/a / n/d,n/a / n/d,n/a / n/d,n/a / n/d
2021-02 ,whole cannabis plants / plantes de cannabis entières,1656371,2867283,n/a / n/d,n/a / n/d,n/a / n/d,n/a / n/d,n/a / n/d,n/a / n/d,n/a / n/d,n/a / n/d,n/a / n/d,n/a / n/d,n/a / n/d,n/a / n/d
2021-03 ,whole cannabis plants / plantes de cannabis entières,1780444,2794105,n/a / n/d,n/a / n/d,n/a / n/d,n/a / n/d,n/a / n/d,n/a / n/d,n/a / n/d,n/a / n/d,n/a / n/d,n/a / n/d,n/a / n/d,n/a / n/d
2021-04 ,whole cannabis plants / plantes de cannabis entières,1706217,2814676,n/a / n/d,n/a / n/d,n/a / n/d,n/a / n/d,n/a / n/d,n/a / n/d,n/a / n/d,n/a / n/d,n/a / n/d,n/a / n/d,n/a / n/d,n/a / n/d
2021-05 ,whole cannabis plants / plantes de cannabis entières,1834527,2858134,n/a / n/d,n/a / n/d,n/a / n/d,n/a / n/d,n/a / n/d,n/a / n/d,n/a / n/d,n/a / n/d,n/a / n/d,n/a / n/d,n/a / n/d,n/a / n/d
2021-06 ,whole cannabis plants / plantes de cannabis entières,1930978,2813991,n/a / n/d,n/a / n/d,n/a / n/d,n/a / n/d,n/a / n/d,n/a / n/d,n/a / n/d,n/a / n/d,n/a / n/d,n/a / n/d,n/a / n/d,n/a / n/d
2021-07 ,whole cannabis plants / plantes de cannabis entières,2417086,3337713,n/a / n/d,n/a / n/d,n/a / n/d,n/a / n/d,n/a / n/d,n/a / n/d,n/a / n/d,n/a / n/d,n/a / n/d,n/a / n/d,n/a / n/d,n/a / n/d
2021-08 ,whole cannabis plants / plantes de cannabis entières,2326451,3576697,n/a / n/d,n/a / n/d,n/a / n/d,n/a / n/d,n/a / n/d,n/a / n/d,n/a / n/d,n/a / n/d,n/a / n/d,n/a / n/d,n/a / n/d,n/a / n/d
2021-09 ,whole cannabis plants / plantes de cannabis entières,2175796,3752522,n/a / n/d,n/a / n/d,n/a / n/d,n/a / n/d,n/a / n/d,n/a / n/d,n/a / n/d,n/a / n/d,n/a / n/d,n/a / n/d,n/a / n/d,n/a / n/d
2021-10 ,whole cannabis plants / plantes de cannabis entières,1777893,3175277,n/a / n/d,n/a / n/d,n/a / n/d,n/a / n/d,n/a / n/d,n/a / n/d,n/a / n/d,n/a / n/d,n/a / n/d,n/a / n/d,n/a / n/d,n/a / n/d
2021-11 ,whole cannabis plants / plantes de cannabis entières,1871755,3002000,n/a / n/d,n/a / n/d,n/a / n/d,n/a / n/d,n/a / n/d,n/a / n/d,n/a / n/d,n/a / n/d,n/a / n/d,n/a / n/d,n/a / n/d,n/a / n/d
2021-12 ,whole cannabis plants / plantes de cannabis entières,1988492,3215507,n/a / n/d,n/a / n/d,n/a / n/d,n/a / n/d,n/a / n/d,n/a / n/d,n/a / n/d,n/a / n/d,n/a / n/d,n/a / n/d,n/a / n/d,n/a / n/d
2022-01 ,whole cannabis plants / plantes de cannabis entières,1404377,3090553,n/a / n/d,n/a / n/d,n/a / n/d,n/a / n/d,n/a / n/d,n/a / n/d,n/a / n/d,n/a / n/d,n/a / n/d,n/a / n/d,n/a / n/d,n/a / n/d
2022-02 ,whole cannabis plants / plantes de cannabis entières,1510040,3077921,n/a / n/d,n/a / n/d,n/a / n/d,n/a / n/d,n/a / n/d,n/a / n/d,n/a / n/d,n/a / n/d,n/a / n/d,n/a / n/d,n/a / n/d,n/a / n/d
2022-03 ,whole cannabis plants / plantes de cannabis entières,1510306,2833597,n/a / n/d,n/a / n/d,n/a / n/d,n/a / n/d,n/a / n/d,n/a / n/d,n/a / n/d,n/a / n/d,n/a / n/d,n/a / n/d,n/a / n/d,n/a / n/d
2019-10 ,edible cannabis / cannabis comestible,n/a / n/d,n/a / n/d,0,0,0,0,0,n/a / n/d,n/a / n/d,n/a / n/d,n/a / n/d,n/a / n/d,n/a / n/d,n/a / n/d
2019-11 ,edible cannabis / cannabis comestible,n/a / n/d,n/a / n/d,451027,451027,0,0,0,n/a / n/d,n/a / n/d,n/a / n/d,n/a / n/d,n/a / n/d,n/a / n/d,n/a / n/d
2019-12 ,edible cannabis / cannabis comestible,n/a / n/d,n/a / n/d,812793,547761,189895,2373,81698,n/a / n/d,n/a / n/d,n/a / n/d,n/a / n/d,n/a / n/d,n/a / n/d,n/a / n/d
2020-01 ,edible cannabis / cannabis comestible,n/a / n/d,n/a / n/d,780229,806059,254024,2861,359230,n/a / n/d,n/a / n/d,n/a / n/d,n/a / n/d,n/a / n/d,n/a / n/d,n/a / n/d
2020-02 ,edible cannabis / cannabis comestible,n/a / n/d,n/a / n/d,1579731,1355031,688353,6746,511372,n/a / n/d,n/a / n/d,n/a / n/d,n/a / n/d,n/a / n/d,n/a / n/d,n/a / n/d
2020-03 ,edible cannabis / cannabis comestible,n/a / n/d,n/a / n/d,2191867,1879271,1547073,9142,767957,n/a / n/d,n/a / n/d,n/a / n/d,n/a / n/d,n/a / n/d,n/a / n/d,n/a / n/d
2020-04 ,edible cannabis / cannabis comestible,n/a / n/d,n/a / n/d,2289280,2670393,2015202,14131,901583,n/a / n/d,n/a / n/d,n/a / n/d,n/a / n/d,n/a / n/d,n/a / n/d,n/a / n/d
2020-05 ,edible cannabis / cannabis comestible,n/a / n/d,n/a / n/d,2764441,3872253,2463071,20241,982161,n/a / n/d,n/a / n/d,n/a / n/d,n/a / n/d,n/a / n/d,n/a / n/d,n/a / n/d
2020-06 ,edible cannabis / cannabis comestible,n/a / n/d,n/a / n/d,2925408,4913525,2849316,22630,1090424,n/a / n/d,n/a / n/d,n/a / n/d,n/a / n/d,n/a / n/d,n/a / n/d,n/a / n/d
2020-07 ,edible cannabis / cannabis comestible,n/a / n/d,n/a / n/d,2195564,5236890,3194733,22159,1310970,n/a / n/d,n/a / n/d,n/a / n/d,n/a / n/d,n/a / n/d,n/a / n/d,n/a / n/d
2020-08 ,edible cannabis / cannabis comestible,n/a / n/d,n/a / n/d,2939966,6636104,3138965,19489,1407345,n/a / n/d,n/a / n/d,n/a / n/d,n/a / n/d,n/a / n/d,n/a / n/d,n/a / n/d
2020-09 ,edible cannabis / cannabis comestible,n/a / n/d,n/a / n/d,2892530,6777618,3933843,57003,1501640,n/a / n/d,n/a / n/d,n/a / n/d,n/a / n/d,n/a / n/d,n/a / n/d,n/a / n/d
2020-10 ,edible cannabis / cannabis comestible,n/a / n/d,n/a / n/d,4109200,7959801,4737999,65206,1694974,n/a / n/d,n/a / n/d,n/a / n/d,n/a / n/d,n/a / n/d,n/a / n/d,n/a / n/d
2020-11 ,edible cannabis / cannabis comestible,n/a / n/d,n/a / n/d,3648093,8454222,5539909,66656,1542135,n/a / n/d,n/a / n/d,n/a / n/d,n/a / n/d,n/a / n/d,n/a / n/d,n/a / n/d
2020-12 ,edible cannabis / cannabis comestible,n/a / n/d,n/a / n/d,3688432,8946760,6297815,78272,2219885,n/a / n/d,n/a / n/d,n/a / n/d,n/a / n/d,n/a / n/d,n/a / n/d,n/a / n/d
2021-01 ,edible cannabis / cannabis comestible,n/a / n/d,n/a / n/d,3184017,9880507,6279311,81709,1954912,n/a / n/d,n/a / n/d,n/a / n/d,n/a / n/d,n/a / n/d,n/a / n/d,n/a / n/d
2021-02 ,edible cannabis / cannabis comestible,n/a / n/d,n/a / n/d,2658747,9932997,5858418,82141,1930152,n/a / n/d,n/a / n/d,n/a / n/d,n/a / n/d,n/a / n/d,n/a / n/d,n/a / n/d
2021-03 ,edible cannabis / cannabis comestible,n/a / n/d,n/a / n/d,3174434,10480113,5637826,136260,2174948,n/a / n/d,n/a / n/d,n/a / n/d,n/a / n/d,n/a / n/d,n/a / n/d,n/a / n/d
2021-04 ,edible cannabis / cannabis comestible,n/a / n/d,n/a / n/d,4138153,11623946,5777525,153234,2299139,n/a / n/d,n/a / n/d,n/a / n/d,n/a / n/d,n/a / n/d,n/a / n/d,n/a / n/d
2021-05 ,edible cannabis / cannabis comestible,n/a / n/d,n/a / n/d,4473475,12150784,6282665,176463,2300367,n/a / n/d,n/a / n/d,n/a / n/d,n/a / n/d,n/a / n/d,n/a / n/d,n/a / n/d
2021-06 ,edible cannabis / cannabis comestible,n/a / n/d,n/a / n/d,4101309,11583450,7225400,179622,2341444,n/a / n/d,n/a / n/d,n/a / n/d,n/a / n/d,n/a / n/d,n/a / n/d,n/a / n/d
2021-07 ,edible cannabis / cannabis comestible,n/a / n/d,n/a / n/d,3534368,12229313,7328816,155628,2660243,n/a / n/d,n/a / n/d,n/a / n/d,n/a / n/d,n/a / n/d,n/a / n/d,n/a / n/d
2021-08 ,edible cannabis / cannabis comestible,n/a / n/d,n/a / n/d,3181015,12338913,6971980,190489,2855895,n/a / n/d,n/a / n/d,n/a / n/d,n/a / n/d,n/a / n/d,n/a / n/d,n/a / n/d
2021-09 ,edible cannabis / cannabis comestible,n/a / n/d,n/a / n/d,4547356,12136149,6876355,151109,2867343,n/a / n/d,n/a / n/d,n/a / n/d,n/a / n/d,n/a / n/d,n/a / n/d,n/a / n/d
2021-10 ,edible cannabis / cannabis comestible,n/a / n/d,n/a / n/d,3496088,12658823,6679174,150204,3108937,n/a / n/d,n/a / n/d,n/a / n/d,n/a / n/d,n/a / n/d,n/a / n/d,n/a / n/d
2021-11 ,edible cannabis / cannabis comestible,n/a / n/d,n/a / n/d,4888697,12743629,7214965,182222,2915476,n/a / n/d,n/a / n/d,n/a / n/d,n/a / n/d,n/a / n/d,n/a / n/d,n/a / n/d
2021-12 ,edible cannabis / cannabis comestible,n/a / n/d,n/a / n/d,3581804,11574333,7326963,215555,3784246,n/a / n/d,n/a / n/d,n/a / n/d,n/a / n/d,n/a / n/d,n/a / n/d,n/a / n/d
2022-01 ,edible cannabis / cannabis comestible,n/a / n/d,n/a / n/d,3951332,11840653,6919310,209754,3231142,n/a / n/d,n/a / n/d,n/a / n/d,n/a / n/d,n/a / n/d,n/a / n/d,n/a / n/d
2022-02 ,edible cannabis / cannabis comestible,n/a / n/d,n/a / n/d,3973743,12401980,7015372,196313,3110271,n/a / n/d,n/a / n/d,n/a / n/d,n/a / n/d,n/a / n/d,n/a / n/d,n/a / n/d
2022-03 ,edible cannabis / cannabis comestible,n/a / n/d,n/a / n/d,5198375,13357254,7546828,235118,3390819,n/a / n/d,n/a / n/d,n/a / n/d,n/a / n/d,n/a / n/d,n/a / n/d,n/a / n/d
2019-10 ,cannabis extracts / extraits de cannabis,n/a / n/d,n/a / n/d,732388,5630075,1820111,167357,320201,n/a / n/d,n/a / n/d,n/a / n/d,n/a / n/d,n/a / n/d,n/a / n/d,n/a / n/d
2019-11 ,cannabis extracts / extraits de cannabis,n/a / n/d,n/a / n/d,430658,5595722,1676016,182506,328908,n/a / n/d,n/a / n/d,n/a / n/d,n/a / n/d,n/a / n/d,n/a / n/d,n/a / n/d
2019-12 ,cannabis extracts / extraits de cannabis,n/a / n/d,n/a / n/d,1245160,5882326,1776396,195560,400707,n/a / n/d,n/a / n/d,n/a / n/d,n/a / n/d,n/a / n/d,n/a / n/d,n/a / n/d
2020-01 ,cannabis extracts / extraits de cannabis,n/a / n/d,n/a / n/d,973120,6009120,1803543,201236,527978,n/a / n/d,n/a / n/d,n/a / n/d,n/a / n/d,n/a / n/d,n/a / n/d,n/a / n/d
2020-02 ,cannabis extracts / extraits de cannabis,n/a / n/d,n/a / n/d,1127995,5877090,2023192,187945,599407,n/a / n/d,n/a / n/d,n/a / n/d,n/a / n/d,n/a / n/d,n/a / n/d,n/a / n/d
2020-03 ,cannabis extracts / extraits de cannabis,n/a / n/d,n/a / n/d,1568246,6261853,2261735,246229,791435,n/a / n/d,n/a / n/d,n/a / n/d,n/a / n/d,n/a / n/d,n/a / n/d,n/a / n/d
2020-04 ,cannabis extracts / extraits de cannabis,n/a / n/d,n/a / n/d,2088349,6931819,2430559,218831,813972,n/a / n/d,n/a / n/d,n/a / n/d,n/a / n/d,n/a / n/d,n/a / n/d,n/a / n/d
2020-05 ,cannabis extracts / extraits de cannabis,n/a / n/d,n/a / n/d,1574352,6989660,2290549,210662,844430,n/a / n/d,n/a / n/d,n/a / n/d,n/a / n/d,n/a / n/d,n/a / n/d,n/a / n/d
2020-06 ,cannabis extracts / extraits de cannabis,n/a / n/d,n/a / n/d,1795493,7007428,2732289,225437,934089,n/a / n/d,n/a / n/d,n/a / n/d,n/a / n/d,n/a / n/d,n/a / n/d,n/a / n/d
2020-07 ,cannabis extracts / extraits de cannabis,n/a / n/d,n/a / n/d,1453461,7172408,2643443,275208,1077533,n/a / n/d,n/a / n/d,n/a / n/d,n/a / n/d,n/a / n/d,n/a / n/d,n/a / n/d
2020-08 ,cannabis extracts / extraits de cannabis,n/a / n/d,n/a / n/d,1590358,7527769,2546740,221216,1113893,n/a / n/d,n/a / n/d,n/a / n/d,n/a / n/d,n/a / n/d,n/a / n/d,n/a / n/d
2020-09 ,cannabis extracts / extraits de cannabis,n/a / n/d,n/a / n/d,2047877,7223727,2669922,213133,1205835,n/a / n/d,n/a / n/d,n/a / n/d,n/a / n/d,n/a / n/d,n/a / n/d,n/a / n/d
2020-10 ,cannabis extracts / extraits de cannabis,n/a / n/d,n/a / n/d,2341292,6639169,3173206,223025,1328769,n/a / n/d,n/a / n/d,n/a / n/d,n/a / n/d,n/a / n/d,n/a / n/d,n/a / n/d
2020-11 ,cannabis extracts / extraits de cannabis,n/a / n/d,n/a / n/d,3106745,6851201,3588152,238509,1247529,n/a / n/d,n/a / n/d,n/a / n/d,n/a / n/d,n/a / n/d,n/a / n/d,n/a / n/d
2020-12 ,cannabis extracts / extraits de cannabis,n/a / n/d,n/a / n/d,3170824,6976415,4570817,240110,1556731,n/a / n/d,n/a / n/d,n/a / n/d,n/a / n/d,n/a / n/d,n/a / n/d,n/a / n/d
2021-01 ,cannabis extracts / extraits de cannabis,n/a / n/d,n/a / n/d,2718205,7482912,4597434,231413,1615524,n/a / n/d,n/a / n/d,n/a / n/d,n/a / n/d,n/a / n/d,n/a / n/d,n/a / n/d
2021-02 ,cannabis extracts / extraits de cannabis,n/a / n/d,n/a / n/d,2234116,7884432,4459299,218584,1480795,n/a / n/d,n/a / n/d,n/a / n/d,n/a / n/d,n/a / n/d,n/a / n/d,n/a / n/d
2021-03 ,cannabis extracts / extraits de cannabis,n/a / n/d,n/a / n/d,2821170,8387247,4426691,263883,1692092,n/a / n/d,n/a / n/d,n/a / n/d,n/a / n/d,n/a / n/d,n/a / n/d,n/a / n/d
2021-04 ,cannabis extracts / extraits de cannabis,n/a / n/d,n/a / n/d,2341491,8359739,4457567,236798,1707568,n/a / n/d,n/a / n/d,n/a / n/d,n/a / n/d,n/a / n/d,n/a / n/d,n/a / n/d
2021-05 ,cannabis extracts / extraits de cannabis,n/a / n/d,n/a / n/d,2521420,8387071,4459707,238069,1723612,n/a / n/d,n/a / n/d,n/a / n/d,n/a / n/d,n/a / n/d,n/a / n/d,n/a / n/d
2021-06 ,cannabis extracts / extraits de cannabis,n/a / n/d,n/a / n/d,2536983,8150846,4848691,235365,1793926,n/a / n/d,n/a / n/d,n/a / n/d,n/a / n/d,n/a / n/d,n/a / n/d,n/a / n/d
2021-07 ,cannabis extracts / extraits de cannabis,n/a / n/d,n/a / n/d,2411038,8077926,4831087,228859,1983410,n/a / n/d,n/a / n/d,n/a / n/d,n/a / n/d,n/a / n/d,n/a / n/d,n/a / n/d
2021-08 ,cannabis extracts / extraits de cannabis,n/a / n/d,n/a / n/d,2363834,7957514,4717177,262382,2133497,n/a / n/d,n/a / n/d,n/a / n/d,n/a / n/d,n/a / n/d,n/a / n/d,n/a / n/d
2021-09 ,cannabis extracts / extraits de cannabis,n/a / n/d,n/a / n/d,2807272,8146436,4723423,250988,2165514,n/a / n/d,n/a / n/d,n/a / n/d,n/a / n/d,n/a / n/d,n/a / n/d,n/a / n/d
2021-10 ,cannabis extracts / extraits de cannabis,n/a / n/d,n/a / n/d,2891635,8344108,4824926,215021,2291770,n/a / n/d,n/a / n/d,n/a / n/d,n/a / n/d,n/a / n/d,n/a / n/d,n/a / n/d
2021-11 ,cannabis extracts / extraits de cannabis,n/a / n/d,n/a / n/d,3719242,8921729,5117633,253392,2230254,n/a / n/d,n/a / n/d,n/a / n/d,n/a / n/d,n/a / n/d,n/a / n/d,n/a / n/d
2021-12 ,cannabis extracts / extraits de cannabis,n/a / n/d,n/a / n/d,2946046,8422254,5489387,253009,2621361,n/a / n/d,n/a / n/d,n/a / n/d,n/a / n/d,n/a / n/d,n/a / n/d,n/a / n/d
2022-01 ,cannabis extracts / extraits de cannabis,n/a / n/d,n/a / n/d,3418710,8669829,5582708,245246,2567891,n/a / n/d,n/a / n/d,n/a / n/d,n/a / n/d,n/a / n/d,n/a / n/d,n/a / n/d
2022-02 ,cannabis extracts / extraits de cannabis,n/a / n/d,n/a / n/d,3218244,8927481,5604759,251269,2442750,n/a / n/d,n/a / n/d,n/a / n/d,n/a / n/d,n/a / n/d,n/a / n/d,n/a / n/d
2022-03 ,cannabis extracts / extraits de cannabis,n/a / n/d,n/a / n/d,3242933,8805712,5679786,252786,2774329,n/a / n/d,n/a / n/d,n/a / n/d,n/a / n/d,n/a / n/d,n/a / n/d,n/a / n/d
2019-10 ,cannabis seeds / graines de cannabis,n/a / n/d,n/a / n/d,3,4225,10373,68,677,n/a / n/d,n/a / n/d,n/a / n/d,n/a / n/d,n/a / n/d,n/a / n/d,n/a / n/d
2019-11 ,cannabis seeds / graines de cannabis,n/a / n/d,n/a / n/d,275,4208,9656,19,559,n/a / n/d,n/a / n/d,n/a / n/d,n/a / n/d,n/a / n/d,n/a / n/d,n/a / n/d
2019-12 ,cannabis seeds / graines de cannabis,n/a / n/d,n/a / n/d,586,4762,8864,20,689,n/a / n/d,n/a / n/d,n/a / n/d,n/a / n/d,n/a / n/d,n/a / n/d,n/a / n/d
2020-01 ,cannabis seeds / graines de cannabis,n/a / n/d,n/a / n/d,5,4737,8322,30,533,n/a / n/d,n/a / n/d,n/a / n/d,n/a / n/d,n/a / n/d,n/a / n/d,n/a / n/d
2020-02 ,cannabis seeds / graines de cannabis,n/a / n/d,n/a / n/d,883,5742,7695,47,623,n/a / n/d,n/a / n/d,n/a / n/d,n/a / n/d,n/a / n/d,n/a / n/d,n/a / n/d
2020-03 ,cannabis seeds / graines de cannabis,n/a / n/d,n/a / n/d,1,4779,6973,73,1469,n/a / n/d,n/a / n/d,n/a / n/d,n/a / n/d,n/a / n/d,n/a / n/d,n/a / n/d
2020-04 ,cannabis seeds / graines de cannabis,n/a / n/d,n/a / n/d,1275,9171,5552,62,1798,n/a / n/d,n/a / n/d,n/a / n/d,n/a / n/d,n/a / n/d,n/a / n/d,n/a / n/d
2020-05 ,cannabis seeds / graines de cannabis,n/a / n/d,n/a / n/d,51504,73073,17469,43,4397,n/a / n/d,n/a / n/d,n/a / n/d,n/a / n/d,n/a / n/d,n/a / n/d,n/a / n/d
2020-06 ,cannabis seeds / graines de cannabis,n/a / n/d,n/a / n/d,32760,53082,35230,15,4275,n/a / n/d,n/a / n/d,n/a / n/d,n/a / n/d,n/a / n/d,n/a / n/d,n/a / n/d
2020-07 ,cannabis seeds / graines de cannabis,n/a / n/d,n/a / n/d,14409,52369,45559,23,3003,n/a / n/d,n/a / n/d,n/a / n/d,n/a / n/d,n/a / n/d,n/a / n/d,n/a / n/d
2020-08 ,cannabis seeds / graines de cannabis,n/a / n/d,n/a / n/d,0,48517,45711,21,2186,n/a / n/d,n/a / n/d,n/a / n/d,n/a / n/d,n/a / n/d,n/a / n/d,n/a / n/d
2020-09 ,cannabis seeds / graines de cannabis,n/a / n/d,n/a / n/d,7569,48566,51444,20,2200,n/a / n/d,n/a / n/d,n/a / n/d,n/a / n/d,n/a / n/d,n/a / n/d,n/a / n/d
2020-10 ,cannabis seeds / graines de cannabis,n/a / n/d,n/a / n/d,7232,57791,46566,22,2593,n/a / n/d,n/a / n/d,n/a / n/d,n/a / n/d,n/a / n/d,n/a / n/d,n/a / n/d
2020-11 ,cannabis seeds / graines de cannabis,n/a / n/d,n/a / n/d,1383,52625,48082,27,1947,n/a / n/d,n/a / n/d,n/a / n/d,n/a / n/d,n/a / n/d,n/a / n/d,n/a / n/d
2020-12 ,cannabis seeds / graines de cannabis,n/a / n/d,n/a / n/d,1543,50536,49669,40,2589,n/a / n/d,n/a / n/d,n/a / n/d,n/a / n/d,n/a / n/d,n/a / n/d,n/a / n/d
2021-01 ,cannabis seeds / graines de cannabis,n/a / n/d,n/a / n/d,11608,55712,51230,17,3246,n/a / n/d,n/a / n/d,n/a / n/d,n/a / n/d,n/a / n/d,n/a / n/d,n/a / n/d
2021-02 ,cannabis seeds / graines de cannabis,n/a / n/d,n/a / n/d,18668,68621,51510,11,3857,n/a / n/d,n/a / n/d,n/a / n/d,n/a / n/d,n/a / n/d,n/a / n/d,n/a / n/d
2021-03 ,cannabis seeds / graines de cannabis,n/a / n/d,n/a / n/d,32155,72309,59019,84,8548,n/a / n/d,n/a / n/d,n/a / n/d,n/a / n/d,n/a / n/d,n/a / n/d,n/a / n/d
2021-04 ,cannabis seeds / graines de cannabis,n/a / n/d,n/a / n/d,24696,66858,77604,66,11597,n/a / n/d,n/a / n/d,n/a / n/d,n/a / n/d,n/a / n/d,n/a / n/d,n/a / n/d
2021-05 ,cannabis seeds / graines de cannabis,n/a / n/d,n/a / n/d,12705,56426,86578,37,9754,n/a / n/d,n/a / n/d,n/a / n/d,n/a / n/d,n/a / n/d,n/a / n/d,n/a / n/d
2021-06 ,cannabis seeds / graines de cannabis,n/a / n/d,n/a / n/d,9900,54043,88863,32,5418,n/a / n/d,n/a / n/d,n/a / n/d,n/a / n/d,n/a / n/d,n/a / n/d,n/a / n/d
2021-07 ,cannabis seeds / graines de cannabis,n/a / n/d,n/a / n/d,60,57474,79293,10,3144,n/a / n/d,n/a / n/d,n/a / n/d,n/a / n/d,n/a / n/d,n/a / n/d,n/a / n/d
2021-08 ,cannabis seeds / graines de cannabis,n/a / n/d,n/a / n/d,1314,31714,75137,40,2654,n/a / n/d,n/a / n/d,n/a / n/d,n/a / n/d,n/a / n/d,n/a / n/d,n/a / n/d
2021-09 ,cannabis seeds / graines de cannabis,n/a / n/d,n/a / n/d,1230,30150,69124,34,2910,n/a / n/d,n/a / n/d,n/a / n/d,n/a / n/d,n/a / n/d,n/a / n/d,n/a / n/d
2021-10 ,cannabis seeds / graines de cannabis,n/a / n/d,n/a / n/d,10,29964,67588,16,3021,n/a / n/d,n/a / n/d,n/a / n/d,n/a / n/d,n/a / n/d,n/a / n/d,n/a / n/d
2021-11 ,cannabis seeds / graines de cannabis,n/a / n/d,n/a / n/d,2357,32155,63806,35,2604,n/a / n/d,n/a / n/d,n/a / n/d,n/a / n/d,n/a / n/d,n/a / n/d,n/a / n/d
2021-12 ,cannabis seeds / graines de cannabis,n/a / n/d,n/a / n/d,10040,41132,61159,38,4261,n/a / n/d,n/a / n/d,n/a / n/d,n/a / n/d,n/a / n/d,n/a / n/d,n/a / n/d
2022-01 ,cannabis seeds / graines de cannabis,n/a / n/d,n/a / n/d,17969,29958,85184,22,9729,n/a / n/d,n/a / n/d,n/a / n/d,n/a / n/d,n/a / n/d,n/a / n/d,n/a / n/d
2022-02 ,cannabis seeds / graines de cannabis,n/a / n/d,n/a / n/d,10169,33774,69691,16,5210,n/a / n/d,n/a / n/d,n/a / n/d,n/a / n/d,n/a / n/d,n/a / n/d,n/a / n/d
2022-03 ,cannabis seeds / graines de cannabis,n/a / n/d,n/a / n/d,36084,39195,77318,2,10352,n/a / n/d,n/a / n/d,n/a / n/d,n/a / n/d,n/a / n/d,n/a / n/d,n/a / n/d
2019-10 ,cannabis topicals / cannabis pour usage topique,n/a / n/d,n/a / n/d,0,187,0,0,0,n/a / n/d,n/a / n/d,n/a / n/d,n/a / n/d,n/a / n/d,n/a / n/d,n/a / n/d
2019-11 ,cannabis topicals / cannabis pour usage topique,n/a / n/d,n/a / n/d,0,10,1095,0,0,n/a / n/d,n/a / n/d,n/a / n/d,n/a / n/d,n/a / n/d,n/a / n/d,n/a / n/d
2019-12 ,cannabis topicals / cannabis pour usage topique,n/a / n/d,n/a / n/d,0,10,4670,6,328,n/a / n/d,n/a / n/d,n/a / n/d,n/a / n/d,n/a / n/d,n/a / n/d,n/a / n/d
2020-01 ,cannabis topicals / cannabis pour usage topique,n/a / n/d,n/a / n/d,0,10,4443,0,279,n/a / n/d,n/a / n/d,n/a / n/d,n/a / n/d,n/a / n/d,n/a / n/d,n/a / n/d
2020-02 ,cannabis topicals / cannabis pour usage topique,n/a / n/d,n/a / n/d,3170,3180,920,0,313,n/a / n/d,n/a / n/d,n/a / n/d,n/a / n/d,n/a / n/d,n/a / n/d,n/a / n/d
2020-03 ,cannabis topicals / cannabis pour usage topique,n/a / n/d,n/a / n/d,32458,23536,2798,0,202,n/a / n/d,n/a / n/d,n/a / n/d,n/a / n/d,n/a / n/d,n/a / n/d,n/a / n/d
2020-04 ,cannabis topicals / cannabis pour usage topique,n/a / n/d,n/a / n/d,11872,5341,31776,165,1736,n/a / n/d,n/a / n/d,n/a / n/d,n/a / n/d,n/a / n/d,n/a / n/d,n/a / n/d
2020-05 ,cannabis topicals / cannabis pour usage topique,n/a / n/d,n/a / n/d,45791,24402,24690,237,6068,n/a / n/d,n/a / n/d,n/a / n/d,n/a / n/d,n/a / n/d,n/a / n/d,n/a / n/d
2020-06 ,cannabis topicals / cannabis pour usage topique,n/a / n/d,n/a / n/d,28483,11924,50342,317,7874,n/a / n/d,n/a / n/d,n/a / n/d,n/a / n/d,n/a / n/d,n/a / n/d,n/a / n/d
2020-07 ,cannabis topicals / cannabis pour usage topique,n/a / n/d,n/a / n/d,44336,25242,56222,415,10030,n/a / n/d,n/a / n/d,n/a / n/d,n/a / n/d,n/a / n/d,n/a / n/d,n/a / n/d
2020-08 ,cannabis topicals / cannabis pour usage topique,n/a / n/d,n/a / n/d,27482,34489,54265,438,10940,n/a / n/d,n/a / n/d,n/a / n/d,n/a / n/d,n/a / n/d,n/a / n/d,n/a / n/d
2020-09 ,cannabis topicals / cannabis pour usage topique,n/a / n/d,n/a / n/d,35794,29107,69625,553,11003,n/a / n/d,n/a / n/d,n/a / n/d,n/a / n/d,n/a / n/d,n/a / n/d,n/a / n/d
2020-10 ,cannabis topicals / cannabis pour usage topique,n/a / n/d,n/a / n/d,24851,33457,64633,651,10984,n/a / n/d,n/a / n/d,n/a / n/d,n/a / n/d,n/a / n/d,n/a / n/d,n/a / n/d
2020-11 ,cannabis topicals / cannabis pour usage topique,n/a / n/d,n/a / n/d,45201,49006,64242,653,9287,n/a / n/d,n/a / n/d,n/a / n/d,n/a / n/d,n/a / n/d,n/a / n/d,n/a / n/d
2020-12 ,cannabis topicals / cannabis pour usage topique,n/a / n/d,n/a / n/d,51844,45875,77918,628,17273,n/a / n/d,n/a / n/d,n/a / n/d,n/a / n/d,n/a / n/d,n/a / n/d,n/a / n/d
2021-01 ,cannabis topicals / cannabis pour usage topique,n/a / n/d,n/a / n/d,63687,67189,73378,368,18590,n/a / n/d,n/a / n/d,n/a / n/d,n/a / n/d,n/a / n/d,n/a / n/d,n/a / n/d
2021-02 ,cannabis topicals / cannabis pour usage topique,n/a / n/d,n/a / n/d,85324,106190,79244,794,18854,n/a / n/d,n/a / n/d,n/a / n/d,n/a / n/d,n/a / n/d,n/a / n/d,n/a / n/d
2021-03 ,cannabis topicals / cannabis pour usage topique,n/a / n/d,n/a / n/d,150581,209113,113914,3318,23614,n/a / n/d,n/a / n/d,n/a / n/d,n/a / n/d,n/a / n/d,n/a / n/d,n/a / n/d
2021-04 ,cannabis topicals / cannabis pour usage topique,n/a / n/d,n/a / n/d,112543,234360,154500,4672,26041,n/a / n/d,n/a / n/d,n/a / n/d,n/a / n/d,n/a / n/d,n/a / n/d,n/a / n/d
2021-05 ,cannabis topicals / cannabis pour usage topique,n/a / n/d,n/a / n/d,119948,298963,145672,5332,28574,n/a / n/d,n/a / n/d,n/a / n/d,n/a / n/d,n/a / n/d,n/a / n/d,n/a / n/d
2021-06 ,cannabis topicals / cannabis pour usage topique,n/a / n/d,n/a / n/d,94318,207841,185937,4681,24019,n/a / n/d,n/a / n/d,n/a / n/d,n/a / n/d,n/a / n/d,n/a / n/d,n/a / n/d
2021-07 ,cannabis topicals / cannabis pour usage topique,n/a / n/d,n/a / n/d,80954,311305,202222,5600,28200,n/a / n/d,n/a / n/d,n/a / n/d,n/a / n/d,n/a / n/d,n/a / n/d,n/a / n/d
2021-08 ,cannabis topicals / cannabis pour usage topique,n/a / n/d,n/a / n/d,68466,317366,212817,6606,32215,n/a / n/d,n/a / n/d,n/a / n/d,n/a / n/d,n/a / n/d,n/a / n/d,n/a / n/d
2021-09 ,cannabis topicals / cannabis pour usage topique,n/a / n/d,n/a / n/d,73991,320494,209826,7380,32333,n/a / n/d,n/a / n/d,n/a / n/d,n/a / n/d,n/a / n/d,n/a / n/d,n/a / n/d
2021-10 ,cannabis topicals / cannabis pour usage topique,n/a / n/d,n/a / n/d,70069,338649,207924,9741,33352,n/a / n/d,n/a / n/d,n/a / n/d,n/a / n/d,n/a / n/d,n/a / n/d,n/a / n/d
2021-11 ,cannabis topicals / cannabis pour usage topique,n/a / n/d,n/a / n/d,101474,285696,253080,12869,33446,n/a / n/d,n/a / n/d,n/a / n/d,n/a / n/d,n/a / n/d,n/a / n/d,n/a / n/d
2021-12 ,cannabis topicals / cannabis pour usage topique,n/a / n/d,n/a / n/d,65880,272681,275470,13339,52663,n/a / n/d,n/a / n/d,n/a / n/d,n/a / n/d,n/a / n/d,n/a / n/d,n/a / n/d
2022-01 ,cannabis topicals / cannabis pour usage topique,n/a / n/d,n/a / n/d,78860,236373,286600,12431,33269,n/a / n/d,n/a / n/d,n/a / n/d,n/a / n/d,n/a / n/d,n/a / n/d,n/a / n/d
2022-02 ,cannabis topicals / cannabis pour usage topique,n/a / n/d,n/a / n/d,66854,238890,279772,11971,34036,n/a / n/d,n/a / n/d,n/a / n/d,n/a / n/d,n/a / n/d,n/a / n/d,n/a / n/d
2022-03 ,cannabis topicals / cannabis pour usage topique,n/a / n/d,n/a / n/d,96509,279209,273868,14795,35227,n/a / n/d,n/a / n/d,n/a / n/d,n/a / n/d,n/a / n/d,n/a / n/d,n/a / n/d
